INSERT INTO Area (nome_area) VALUES ('Cultura');
INSERT INTO Area (nome_area) VALUES ('Educação');
INSERT INTO Area (nome_area) VALUES ('Tecnologia');
INSERT INTO Area (nome_area) VALUES ('Social');
INSERT INTO Area (nome_area) VALUES ('Ciência');

INSERT INTO Departamento(nome) VALUES ('Desenvolvimento Rural - DDR');
INSERT INTO Departamento(nome) VALUES ('Biotecnologia e Produção Vegetal e Animal - DBPVA');
INSERT INTO Departamento(nome) VALUES ('Ciências da Natureza, Matemática e Educação - DCNME');
INSERT INTO Departamento(nome) VALUES ('Recursos Naturais e Proteção Ambiental - DRNPA');
INSERT INTO Departamento(nome) VALUES ('Tecnologia Agroindustrial e Socioeconomia Rural - DTAiSER');
INSERT INTO Departamento(nome) VALUES ('Botânica - DB');
INSERT INTO Departamento(nome) VALUES ('Ciências Ambientais - DCAm');
INSERT INTO Departamento(nome) VALUES ('Ciências Fisiológicas - DCF');
INSERT INTO Departamento(nome) VALUES ('Ecologia e Biologia Evolutiva - DEBE');
INSERT INTO Departamento(nome) VALUES ('Educação Física e Motricidade Humana - DEFMH');
INSERT INTO Departamento(nome) VALUES ('Enfermagem - DEnf');
INSERT INTO Departamento(nome) VALUES ('Fisioterapia - DFisio');
INSERT INTO Departamento(nome) VALUES ('Genética e Evolução - DGE');
INSERT INTO Departamento(nome) VALUES ('Gerontologia - DGero');
INSERT INTO Departamento(nome) VALUES ('Hidrobiologia - DHb');
INSERT INTO Departamento(nome) VALUES ('Medicina - DMed');
INSERT INTO Departamento(nome) VALUES ('Morfologia e Patologia - DMP');
INSERT INTO Departamento(nome) VALUES ('Terapia Ocupacional - DTO');
INSERT INTO Departamento(nome) VALUES ('Computação - DC');
INSERT INTO Departamento(nome) VALUES ('Engenharia Civil - DECiv');
INSERT INTO Departamento(nome) VALUES ('Engenharia Elétrica - DEE');
INSERT INTO Departamento(nome) VALUES ('Engenharia Mecânica - DEMec');
INSERT INTO Departamento(nome) VALUES ('Engenharia de Materiais - DEMa');
INSERT INTO Departamento(nome) VALUES ('Engenharia de Produção - DEP');
INSERT INTO Departamento(nome) VALUES ('Engenharia Química - DEQ');
INSERT INTO Departamento(nome) VALUES ('Estatística - DEs');
INSERT INTO Departamento(nome) VALUES ('Física - DF');
INSERT INTO Departamento(nome) VALUES ('Matemática - DM');
INSERT INTO Departamento(nome) VALUES ('Química - DQ');
INSERT INTO Departamento(nome) VALUES ('Administração - DAdm-So');
INSERT INTO Departamento(nome) VALUES ('Computação - DComp-So');
INSERT INTO Departamento(nome) VALUES ('Economia - DEco-So');
INSERT INTO Departamento(nome) VALUES ('Engenharia de Produção de Sorocaba - DEP-So');
INSERT INTO Departamento(nome) VALUES ('Biologia - DBio - So');
INSERT INTO Departamento(nome) VALUES ('Ciências Humanas e Educação - DCHE - So');
INSERT INTO Departamento(nome) VALUES ('Geografia, Turismo e Humanidades - DGTH - So');
INSERT INTO Departamento(nome) VALUES ('Ciências Ambientais - DCA-So');
INSERT INTO Departamento(nome) VALUES ('Física, Química e Matemática - DFQM-So');
INSERT INTO Departamento(nome) VALUES ('Artes e Comunicação - DAC');
INSERT INTO Departamento(nome) VALUES ('Ciência da Informação - DCI');
INSERT INTO Departamento(nome) VALUES ('Ciências Sociais - DCSo');
INSERT INTO Departamento(nome) VALUES ('Educação - DEd');
INSERT INTO Departamento(nome) VALUES ('Filosofia e Metodologia das Ciências - DFMC');
INSERT INTO Departamento(nome) VALUES ('Letras - DL');
INSERT INTO Departamento(nome) VALUES ('Metodologia de Ensino - DME');
INSERT INTO Departamento(nome) VALUES ('Psicologia - DPsi');
INSERT INTO Departamento(nome) VALUES ('Sociologia - DS');
INSERT INTO Departamento(nome) VALUES ('Teorias e Práticas Pedagógicas - DTPP');

INSERT INTO Financiador (agencia, tipo_controle) VALUES ('Governo', 'Integral');
INSERT INTO Financiador (agencia, tipo_controle) VALUES ('CSF', 'Parcial');
INSERT INTO Financiador (agencia, tipo_controle) VALUES ('FBC', 'Parcial');

INSERT INTO pessoa (nome, senha, uf, cidade, bairro, rua, numero) VALUES ('Waldon', '7R52TBQA', 'TX', 'Houston', 'Hollywood', 'Meadow Valley', '235');
INSERT INTO pessoa (nome, senha, uf, cidade, bairro, rua, numero) VALUES ('Joly', 'XGC3L201', 'OR', 'Beaverton', 'Mid-Wilshire', 'Delaware', '44');
INSERT INTO pessoa (nome, senha, uf, cidade, bairro, rua, numero) VALUES ('Emmalynne', 'X2VZAHEF', 'MN', 'Young America', 'South Los Angeles', 'Arrowood', '32776');
INSERT INTO pessoa (nome, senha, uf, cidade, bairro, rua, numero) VALUES ('Steven', 'FL682MKK', 'NC', 'Raleigh', 'Tarzana', 'Sauthoff', '12132');
INSERT INTO pessoa (nome, senha, uf, cidade, bairro, rua, numero) VALUES ('Johann', 'A3FHE4PV', 'CA', 'Oceanside', 'Encino', 'Crescent Oaks', '26812');
INSERT INTO pessoa (nome, senha, uf, cidade, bairro, rua, numero) VALUES ('Brant', '9TU36JND', 'CA', 'Torrance', 'Watts', 'Chinook', '3');
INSERT INTO pessoa (nome, senha, uf, cidade, bairro, rua, numero) VALUES ('Miranda', 'LRS3A2Y3', 'TN', 'Nashville', 'Dallas', 'Prairieview', '4');
INSERT INTO pessoa (nome, senha, uf, cidade, bairro, rua, numero) VALUES ('Clayton', 'MOCGILAR', 'AL', 'Mobile', 'Mianus', 'Burrows', '9');
INSERT INTO pessoa (nome, senha, uf, cidade, bairro, rua, numero) VALUES ('Buckie', '31CHJLBR', 'IL', 'Carol Stream', 'Armour Square', 'Graedel', '6');
INSERT INTO pessoa (nome, senha, uf, cidade, bairro, rua, numero) VALUES ('Odilia', 'DS0XEQEI', 'FL', 'Sarasota', 'Hills', 'Chinook', '79657');
INSERT INTO pessoa (nome, senha, uf, cidade, bairro, rua, numero) VALUES ('Dulcinea', 'N0REHC9O', 'FL', 'Tallahassee', 'Magnificent Miles', 'Golf View', '09035');
INSERT INTO pessoa (nome, senha, uf, cidade, bairro, rua, numero) VALUES ('Ly', 'I16S0E5B', 'CA', 'Sacramento', 'Buena Vista', 'Sunnyside', '2101');
INSERT INTO pessoa (nome, senha, uf, cidade, bairro, rua, numero) VALUES ('Berri', 'CAZ6PCSB', 'UT', 'Salt Lake City', 'Coral Way', 'East', '8876');
INSERT INTO pessoa (nome, senha, uf, cidade, bairro, rua, numero) VALUES ('Ludwig', 'WKLF541N', 'VA', 'Hampton', 'Virginia Key', 'Pierstorff', '57844');
INSERT INTO pessoa (nome, senha, uf, cidade, bairro, rua, numero) VALUES ('Tamra', '0C0ZK7JK', 'FL', 'Fort Myers', 'Edgewater', 'Southridge', '66967');
INSERT INTO pessoa (nome, senha, uf, cidade, bairro, rua, numero) VALUES ('Meridith', '1I5903XI', 'NC', 'Charlotte', 'Omni', 'Manley', '47964');
INSERT INTO pessoa (nome, senha, uf, cidade, bairro, rua, numero) VALUES ('Jere', 'TZ6MOROS', 'AZ', 'Scottsdale', 'Upper Eastside', 'Judy', '03301');
INSERT INTO pessoa (nome, senha, uf, cidade, bairro, rua, numero) VALUES ('Derick', 'OD08ZQSJ', 'TX', 'Corpus Christi', 'Wynwood', 'Bashford', '8');
INSERT INTO pessoa (nome, senha, uf, cidade, bairro, rua, numero) VALUES ('Annaliese', '3P7VJVFM', 'FL', 'Orlando', 'Allapattah', 'Esch', '77259');
INSERT INTO pessoa (nome, senha, uf, cidade, bairro, rua, numero) VALUES ('Octavius', '7W9PN6CA', 'VA', 'Richmond', 'Civic Center', 'Buhler', '0372');
INSERT INTO pessoa (nome, senha, uf, cidade, bairro, rua, numero) VALUES ('Carlos', 'K2Y0UXLW', 'GO', 'Goiania', 'Setor Bueno', 'T-4', '4416');
INSERT INTO pessoa (nome, senha, uf, cidade, bairro, rua, numero) VALUES ('Eduardo', 'J9KLXWIG', 'PA', 'Belém', 'Vila Norte', 'Rua do Presidente', '91');
INSERT INTO pessoa (nome, senha, uf, cidade, bairro, rua, numero) VALUES ('Jonathan', 'E07J89T7', 'SP', 'Sorocaba', 'Vila Paraíba', 'Rua das Minas', '99');
INSERT INTO pessoa (nome, senha, uf, cidade, bairro, rua, numero) VALUES ('Vitor', 'W4YVRB7N', 'AM', 'Manaus', 'Setor Aeroporto', 'R-223', '06071');
INSERT INTO pessoa (nome, senha, uf, cidade, bairro, rua, numero) VALUES ('Gustavo', 'X1ZV67L8', 'TO', 'Palmas', 'Vila Palmares', 'Rua de Frente', '41');
INSERT INTO pessoa (nome, senha, uf, cidade, bairro, rua, numero) VALUES ('Fernando', 'CO5R7IZH', 'SC', 'Florianopolia', 'Setor Rosa', 'Rua Verde', '384');
INSERT INTO pessoa (nome, senha, uf, cidade, bairro, rua, numero) VALUES ('Marcos', 'YUO6GDGD', 'RS', 'Porto Alegre', 'Setor Sul', 'Rua 8', '7');
INSERT INTO pessoa (nome, senha, uf, cidade, bairro, rua, numero) VALUES ('Fernanda', 'EQG01WTM', 'RN', 'Natal', 'Setor Vale', 'Marginal Ceará', '8767');
INSERT INTO pessoa (nome, senha, uf, cidade, bairro, rua, numero) VALUES ('Bruna', 'D433W9RE', 'RJ', 'Rio de Janeiro', 'Vila Nove ', 'Transfederônica', '3024');
INSERT INTO pessoa (nome, senha, uf, cidade, bairro, rua, numero) VALUES ('Víctor', 'I5ZWXHKG', 'AL', 'Maceió', 'Setor Leste', 'Rua 99', '49');
INSERT INTO pessoa (nome, senha, uf, cidade, bairro, rua, numero) VALUES ('Alfredo', '1YEFI260', 'SE', 'Aracaju', 'Vila Oito', 'T - 50', '3');
INSERT INTO pessoa (nome, senha, uf, cidade, bairro, rua, numero) VALUES ('Davi', 'UJHN18CD', 'PA', 'Belém', 'Cidade Jardim', '7 de Setembro', '381');
INSERT INTO pessoa (nome, senha, uf, cidade, bairro, rua, numero) VALUES ('Maomé', '9TXNVBBQ', 'RR', 'Boa Vista', 'Centro', 'Rua 9', '2');
INSERT INTO pessoa (nome, senha, uf, cidade, bairro, rua, numero) VALUES ('Jande', '4BIOZ6L8', 'RO', 'Porto Velho Mission', 'Vila Oeste', 'Rua Marechal Deodoro', '57936');
INSERT INTO pessoa (nome, senha, uf, cidade, bairro, rua, numero) VALUES ('Claudia', '0VNGHAOC', 'MT', 'Compo Grande', 'Centro', 'Rua 12 de Outubro', '103');
INSERT INTO pessoa (nome, senha, uf, cidade, bairro, rua, numero) VALUES ('Kelen', 'VBE1J4M9', 'PE', 'Recife', 'Aflitos', 'Rua 9 de Julho', '0');
INSERT INTO pessoa (nome, senha, uf, cidade, bairro, rua, numero) VALUES ('Claudio', 'GGSFG7ZC', 'MG', 'Uberlandia', 'Centro', 'Rua 15 de Novembro', '2096');
INSERT INTO pessoa (nome, senha, uf, cidade, bairro, rua, numero) VALUES ('Janio', 'HM0N5XSA', 'GO', 'Goiania', 'Setor Oeste', 'P12', '62863');
INSERT INTO pessoa (nome, senha, uf, cidade, bairro, rua, numero) VALUES ('Pedro', 'MQXYPDLK', 'GO', 'Goiania', 'Setor Bueno', 'A45', '7926');
INSERT INTO pessoa (nome, senha, uf, cidade, bairro, rua, numero) VALUES ('Gabriel', 'RA9YNSBN', 'PA', 'Santarem', 'Aldeia', 'Bela Vista', '69');
INSERT INTO pessoa (nome, senha, uf, cidade, bairro, rua, numero) VALUES ('Thales', '7WZXEFDJ', 'GO', 'Goiania', 'Setor Oeste', 'R66', '45172');
INSERT INTO pessoa (nome, senha, uf, cidade, bairro, rua, numero) VALUES ('Felipe', '1T9EJ1DO', 'TO', 'Palmas', 'Jardim de Cima', 'Rosas', '69639');
INSERT INTO pessoa (nome, senha, uf, cidade, bairro, rua, numero) VALUES ('Wander', 'V1EOIHFJ', 'MG', 'Belo Horizonte', ' Barão Geraldo', '', '8');
INSERT INTO pessoa (nome, senha, uf, cidade, bairro, rua, numero) VALUES ('Bernardo', 'BX0NT5B4', 'PA', 'Ananindeua', '40 Horas', 'Ilha de Santa Rosa', '792');
INSERT INTO pessoa (nome, senha, uf, cidade, bairro, rua, numero) VALUES ('Mariele', 'CGM97PKZ', 'MA', 'Salvador', 'Marginal', 'Rua 15 de Novembro', '37172');
INSERT INTO pessoa (nome, senha, uf, cidade, bairro, rua, numero) VALUES ('Marilde', '1IP1578K', 'SP', 'São Carlos', 'Centro', 'Rua Padre Teixeira', '2955');
INSERT INTO pessoa (nome, senha, uf, cidade, bairro, rua, numero) VALUES ('João', '4CYNG6D5', 'SP', 'Santos', 'Campo Grande', 'Rua 7 de setembro', '2360');
INSERT INTO pessoa (nome, senha, uf, cidade, bairro, rua, numero) VALUES ('Fabiano', '2HNBHA2M', 'SP', 'Campinas', 'Nova Aparecida', 'Rua da Vida', '9329');
INSERT INTO pessoa (nome, senha, uf, cidade, bairro, rua, numero) VALUES ('Fabio', '7FPYSD1S', 'SP', 'São Paulo', 'Argentina', 'Rua dos Jogadores', '26');
INSERT INTO pessoa (nome, senha, uf, cidade, bairro, rua, numero) VALUES ('Ana', 'B0UG9S7W', 'SP', 'São Carlos', 'Jardim', 'Rua das Rosas', '174');


INSERT INTO PessoaBrasileira (cpf, id_pessoa) VALUES ('21944766014', 21);
INSERT INTO PessoaBrasileira (cpf, id_pessoa) VALUES ('53001114061', 22);
INSERT INTO PessoaBrasileira (cpf, id_pessoa) VALUES ('09096358031', 23);
INSERT INTO PessoaBrasileira (cpf, id_pessoa) VALUES ('60613253043', 24);
INSERT INTO PessoaBrasileira (cpf, id_pessoa) VALUES ('07196807006', 25);
INSERT INTO PessoaBrasileira (cpf, id_pessoa) VALUES ('12598314000', 26);
INSERT INTO PessoaBrasileira (cpf, id_pessoa) VALUES ('36532433004', 27);
INSERT INTO PessoaBrasileira (cpf, id_pessoa) VALUES ('89487521038', 28);
INSERT INTO PessoaBrasileira (cpf, id_pessoa) VALUES ('84582423035', 29);
INSERT INTO PessoaBrasileira (cpf, id_pessoa) VALUES ('02405434083', 30);
INSERT INTO PessoaBrasileira (cpf, id_pessoa) VALUES ('36696703004', 31);
INSERT INTO PessoaBrasileira (cpf, id_pessoa) VALUES ('71597106062', 32);
INSERT INTO PessoaBrasileira (cpf, id_pessoa) VALUES ('93691048013', 33);
INSERT INTO PessoaBrasileira (cpf, id_pessoa) VALUES ('27558720044', 34);
INSERT INTO PessoaBrasileira (cpf, id_pessoa) VALUES ('93099752029', 35);
INSERT INTO PessoaBrasileira (cpf, id_pessoa) VALUES ('09795783025', 36);
INSERT INTO PessoaBrasileira (cpf, id_pessoa) VALUES ('34182923057', 37);
INSERT INTO PessoaBrasileira (cpf, id_pessoa) VALUES ('40907764061', 38);
INSERT INTO PessoaBrasileira (cpf, id_pessoa) VALUES ('70331723034', 39);
INSERT INTO PessoaBrasileira (cpf, id_pessoa) VALUES ('89514840097', 40);
INSERT INTO PessoaBrasileira (cpf, id_pessoa) VALUES ('99234847008', 41);
INSERT INTO PessoaBrasileira (cpf, id_pessoa) VALUES ('59241910011', 42);
INSERT INTO PessoaBrasileira (cpf, id_pessoa) VALUES ('39652597090', 43);
INSERT INTO PessoaBrasileira (cpf, id_pessoa) VALUES ('92874875023', 44);
INSERT INTO PessoaBrasileira (cpf, id_pessoa) VALUES ('53975252006', 45);
INSERT INTO PessoaBrasileira (cpf, id_pessoa) VALUES ('52380246068', 46);
INSERT INTO PessoaBrasileira (cpf, id_pessoa) VALUES ('71969254084', 47);
INSERT INTO PessoaBrasileira (cpf, id_pessoa) VALUES ('71969254084', 48);
INSERT INTO PessoaBrasileira (cpf, id_pessoa) VALUES ('32706613041', 49);
INSERT INTO PessoaBrasileira (cpf, id_pessoa) VALUES ('24468048026', 50);


INSERT INTO PessoaEstrangeira (passaporte, id_pessoa) VALUES ('62152780', 1);
INSERT INTO PessoaEstrangeira (passaporte, id_pessoa) VALUES ('65328286', 2);
INSERT INTO PessoaEstrangeira (passaporte, id_pessoa) VALUES ('79096301', 3);
INSERT INTO PessoaEstrangeira (passaporte, id_pessoa) VALUES ('42532173', 4);
INSERT INTO PessoaEstrangeira (passaporte, id_pessoa) VALUES ('96802492', 5);
INSERT INTO PessoaEstrangeira (passaporte, id_pessoa) VALUES ('95003828', 6);
INSERT INTO PessoaEstrangeira (passaporte, id_pessoa) VALUES ('87675131', 7);
INSERT INTO PessoaEstrangeira (passaporte, id_pessoa) VALUES ('62091510', 8);
INSERT INTO PessoaEstrangeira (passaporte, id_pessoa) VALUES ('58527119', 9);
INSERT INTO PessoaEstrangeira (passaporte, id_pessoa) VALUES ('48160481', 10);
INSERT INTO PessoaEstrangeira (passaporte, id_pessoa) VALUES ('72579121', 11);
INSERT INTO PessoaEstrangeira (passaporte, id_pessoa) VALUES ('89175906', 12);
INSERT INTO PessoaEstrangeira (passaporte, id_pessoa) VALUES ('93125942', 13);
INSERT INTO PessoaEstrangeira (passaporte, id_pessoa) VALUES ('40380189', 14);
INSERT INTO PessoaEstrangeira (passaporte, id_pessoa) VALUES ('02391879', 15);
INSERT INTO PessoaEstrangeira (passaporte, id_pessoa) VALUES ('66476648', 16);
INSERT INTO PessoaEstrangeira (passaporte, id_pessoa) VALUES ('51123503', 17);
INSERT INTO PessoaEstrangeira (passaporte, id_pessoa) VALUES ('88098126', 18);
INSERT INTO PessoaEstrangeira (passaporte, id_pessoa) VALUES ('88298753', 19);
INSERT INTO PessoaEstrangeira (passaporte, id_pessoa) VALUES ('85874984', 20);


INSERT INTO PessoaGraduacao (id_pessoa, nro_ufscar) VALUES (13, 32198416);
INSERT INTO PessoaGraduacao (id_pessoa, nro_ufscar) VALUES (14, 89419689);
INSERT INTO PessoaGraduacao (id_pessoa, nro_ufscar) VALUES (15, 78416984);
INSERT INTO PessoaGraduacao (id_pessoa, nro_ufscar) VALUES (16, 87451411);
INSERT INTO PessoaGraduacao (id_pessoa, nro_ufscar) VALUES (17, 74198498);
INSERT INTO PessoaGraduacao (id_pessoa, nro_ufscar) VALUES (18, 15641894);
INSERT INTO PessoaGraduacao (id_pessoa, nro_ufscar) VALUES (19, 78984198);
INSERT INTO PessoaGraduacao (id_pessoa, nro_ufscar) VALUES (20, 98708010);
INSERT INTO PessoaGraduacao (id_pessoa, nro_ufscar) VALUES (21, 48908944);
INSERT INTO PessoaGraduacao (id_pessoa, nro_ufscar) VALUES (22, 80498401);
INSERT INTO PessoaGraduacao (id_pessoa, nro_ufscar) VALUES (23, 41895418);
INSERT INTO PessoaGraduacao (id_pessoa, nro_ufscar) VALUES (24, 98748541);
INSERT INTO PessoaGraduacao (id_pessoa, nro_ufscar) VALUES (25, 88654321);
INSERT INTO PessoaGraduacao (id_pessoa, nro_ufscar) VALUES (26, 12315418);
INSERT INTO PessoaGraduacao (id_pessoa, nro_ufscar) VALUES (27, 48909864);
INSERT INTO PessoaGraduacao (id_pessoa, nro_ufscar) VALUES (28, 87984165);
INSERT INTO PessoaGraduacao (id_pessoa, nro_ufscar) VALUES (29, 48594168);
INSERT INTO PessoaGraduacao (id_pessoa, nro_ufscar) VALUES (30, 85428564);
INSERT INTO PessoaGraduacao (id_pessoa, nro_ufscar) VALUES (31, 49854156);
INSERT INTO PessoaGraduacao (id_pessoa, nro_ufscar) VALUES (32, 52609526);
INSERT INTO PessoaGraduacao (id_pessoa, nro_ufscar) VALUES (33, 98564894);


INSERT INTO PessoaPosgraduacao (id_pessoa, nro_ufscar) VALUES (5, 74894185);
INSERT INTO PessoaPosgraduacao (id_pessoa, nro_ufscar) VALUES (6, 98564894);
INSERT INTO PessoaPosgraduacao (id_pessoa, nro_ufscar) VALUES (7, 87989418);
INSERT INTO PessoaPosgraduacao (id_pessoa, nro_ufscar) VALUES (8, 78954158);
INSERT INTO PessoaPosgraduacao (id_pessoa, nro_ufscar) VALUES (9, 78974000);
INSERT INTO PessoaPosgraduacao (id_pessoa, nro_ufscar) VALUES (10, 91585181);
INSERT INTO PessoaPosgraduacao (id_pessoa, nro_ufscar) VALUES (11, 79874169);
INSERT INTO PessoaPosgraduacao (id_pessoa, nro_ufscar) VALUES (12, 75156484);
INSERT INTO PessoaPosgraduacao (id_pessoa, nro_ufscar) VALUES (34, 19684181);
INSERT INTO PessoaPosgraduacao (id_pessoa, nro_ufscar) VALUES (35, 79841861);
INSERT INTO PessoaPosgraduacao (id_pessoa, nro_ufscar) VALUES (36, 99635299);
INSERT INTO PessoaPosgraduacao (id_pessoa, nro_ufscar) VALUES (37, 21357894);
INSERT INTO PessoaPosgraduacao (id_pessoa, nro_ufscar) VALUES (38, 78941691);
INSERT INTO PessoaPosgraduacao (id_pessoa, nro_ufscar) VALUES (39, 74189495);


INSERT INTO PessoaServidor (id_pessoa, id_departamento, nro_ufscar, data_contratacao) VALUES (1, 19, 95050055, '2017-01-31');
INSERT INTO PessoaServidor (id_pessoa, id_departamento, nro_ufscar, data_contratacao) VALUES (2, 28, 62147982, '2019-05-16');
INSERT INTO PessoaServidor (id_pessoa, id_departamento, nro_ufscar, data_contratacao) VALUES (3, 27, 47228839, '2019-05-11');
INSERT INTO PessoaServidor (id_pessoa, id_departamento, nro_ufscar, data_contratacao) VALUES (4, 28, 49856418, '2019-07-04');
INSERT INTO PessoaServidor (id_pessoa, id_departamento, nro_ufscar, data_contratacao) VALUES (40, 19, 89798419, '2016-08-12');
INSERT INTO PessoaServidor (id_pessoa, id_departamento, nro_ufscar, data_contratacao) VALUES (41, 11, 25489651, '2018-04-25');
INSERT INTO PessoaServidor (id_pessoa, id_departamento, nro_ufscar, data_contratacao) VALUES (42, 27, 12354879, '2016-06-24');
INSERT INTO PessoaServidor (id_pessoa, id_departamento, nro_ufscar, data_contratacao) VALUES (43, 19, 43453245, '2016-11-21');
INSERT INTO PessoaServidor (id_pessoa, id_departamento, nro_ufscar, data_contratacao) VALUES (44, 11, 48700229, '2016-03-28');
INSERT INTO PessoaServidor (id_pessoa, id_departamento, nro_ufscar, data_contratacao) VALUES (45, 19, 21322545, '2019-03-27');
INSERT INTO PessoaServidor (id_pessoa, id_departamento, nro_ufscar, data_contratacao) VALUES (46, 28, 96645321, '2017-03-01');
INSERT INTO PessoaServidor (id_pessoa, id_departamento, nro_ufscar, data_contratacao) VALUES (47, 27, 45842302, '2017-04-01');
INSERT INTO PessoaServidor (id_pessoa, id_departamento, nro_ufscar, data_contratacao) VALUES (48, 19, 36894121, '2016-09-12');
INSERT INTO PessoaServidor (id_pessoa, id_departamento, nro_ufscar, data_contratacao) VALUES (49, 29, 76778655, '2017-09-16');
INSERT INTO PessoaServidor (id_pessoa, id_departamento, nro_ufscar, data_contratacao) VALUES (50, 11, 21595215, '2015-10-02');


INSERT INTO PessoaServidorDocente (id_pessoa, id_departamento, titulo, cargo, setor, tipo) VALUES (1, 19, 'Doutor', 'Professor', 'Computação', 'Efetivo');
INSERT INTO PessoaServidorDocente (id_pessoa, id_departamento, titulo, cargo, setor, tipo) VALUES (2, 28, 'Doutor', 'Professor', 'Exatas', 'Adjunto');
INSERT INTO PessoaServidorDocente (id_pessoa, id_departamento, titulo, cargo, setor, tipo) VALUES (3, 27, 'Doutor', 'Professor', 'Física', 'Efetivo');
INSERT INTO PessoaServidorDocente (id_pessoa, id_departamento, titulo, cargo, setor, tipo) VALUES (44, 11, 'Mestre', 'Professor', 'Biológicas', 'Substituto');
INSERT INTO PessoaServidorDocente (id_pessoa, id_departamento, titulo, cargo, setor, tipo) VALUES (45, 19, 'Doutor', 'Professor', 'Computação', 'Efetivo');
INSERT INTO PessoaServidorDocente (id_pessoa, id_departamento, titulo, cargo, setor, tipo) VALUES (46, 28, 'Doutor', 'Professor', 'Computação', 'Adjunto');
INSERT INTO PessoaServidorDocente (id_pessoa, id_departamento, titulo, cargo, setor, tipo) VALUES (47, 27, 'Doutor', 'Professor', 'Física', 'Substituto');
INSERT INTO PessoaServidorDocente (id_pessoa, id_departamento, titulo, cargo, setor, tipo) VALUES (48, 19, 'Doutor', 'Professor', 'Computação', 'Efetivo');
INSERT INTO PessoaServidorDocente (id_pessoa, id_departamento, titulo, cargo, setor, tipo) VALUES (49, 29, 'Doutor', 'Professor', 'Química', 'Efetivo');
INSERT INTO PessoaServidorDocente (id_pessoa, id_departamento, titulo, cargo, setor, tipo) VALUES (50, 11, 'Mestre', 'Professor', 'Biológicas', 'Substituto');


INSERT INTO PessoaServidorTecnico (id_pessoa, id_departamento) VALUES (4, 28);
INSERT INTO PessoaServidorTecnico (id_pessoa, id_departamento) VALUES (40, 19);
INSERT INTO PessoaServidorTecnico (id_pessoa, id_departamento) VALUES (41, 11);
INSERT INTO PessoaServidorTecnico (id_pessoa, id_departamento) VALUES (42, 27);
INSERT INTO PessoaServidorTecnico (id_pessoa, id_departamento) VALUES (43, 19);

INSERT INTO Extensao (nro_extensao_anterior) VALUES (null);
INSERT INTO Extensao (nro_extensao_anterior) VALUES (null);
INSERT INTO Extensao (nro_extensao_anterior) VALUES (null);
INSERT INTO Extensao (nro_extensao_anterior) VALUES (null);
INSERT INTO Extensao (nro_extensao_anterior) VALUES (null);


INSERT INTO Coordenador (id_pessoa, id_departamento, nro_ufscar) VALUES (1, 19, 95050055);
INSERT INTO Coordenador (id_pessoa, id_departamento, nro_ufscar) VALUES (2, 28, 62147982);
INSERT INTO Coordenador (id_pessoa, id_departamento, nro_ufscar) VALUES (3, 27, 47228839);
INSERT INTO Coordenador (id_pessoa, id_departamento, nro_ufscar) VALUES (44, 11, 48700229);
INSERT INTO Coordenador (id_pessoa, id_departamento, nro_ufscar) VALUES (45, 19, 21322545);
INSERT INTO Coordenador (id_pessoa, id_departamento, nro_ufscar) VALUES (46, 28, 96645321);
INSERT INTO Coordenador (id_pessoa, id_departamento, nro_ufscar) VALUES (47, 27, 45842302);
INSERT INTO Coordenador (id_pessoa, id_departamento, nro_ufscar) VALUES (48, 19, 36894121);
INSERT INTO Coordenador (id_pessoa, id_departamento, nro_ufscar) VALUES (49, 29, 76778655);
INSERT INTO Coordenador (id_pessoa, id_departamento, nro_ufscar) VALUES (50, 11, 21595215);


INSERT INTO ProgramaDeExtensao (nro_extensao, palavras_chave, titulo, resumo, comunidade_atingida, anotacoes_ProEx, inicio) VALUES (1, 'Arduino', 'Arduino Avançado', 'Busca mostrar aplicações mais complexas da placa para pessoas já familiarizadas', 'Programadores', 'Achei interessante', '2012-04-22');
INSERT INTO ProgramaDeExtensao (nro_extensao, palavras_chave, titulo, resumo, comunidade_atingida, anotacoes_ProEx, inicio) VALUES (2, 'Creche', 'Ensina programação creche', 'Evento que busca introduzir crianças ao mundo da programação, fornecendo a elas uma oportunidade no futuro', 'Creche', 'Muito bonitinho as crianças', '2015-07-18');
INSERT INTO ProgramaDeExtensao (nro_extensao, palavras_chave, titulo, resumo, comunidade_atingida, anotacoes_ProEx, inicio) VALUES (3, 'Câncer', 'Projeto câncer', 'Projeto que busca fazer avanços na área do câncer', 'Paciente de câncer', 'Câncer realmente é triste', '2012-11-17');
INSERT INTO ProgramaDeExtensao (nro_extensao, palavras_chave, titulo, resumo, comunidade_atingida, anotacoes_ProEx, inicio) VALUES (4, 'Quântica', 'Fisica Quântica Avançada', 'Apresenta conceitos e aplicações avançadas da física quântica', 'Físicos', 'Não entendi, mas gostei', '2012-05-24');
INSERT INTO ProgramaDeExtensao (nro_extensao, palavras_chave, titulo, resumo, comunidade_atingida, anotacoes_ProEx, inicio) VALUES (5, 'Java', 'Java Iniciante', 'Curso de java para pessoas que não tem familiaridade nenhuma com programação', 'Geral', 'Importante para a comunidade de programadores', '2014-07-27');


INSERT INTO AtividadeDeExtensao (nro_extensao, nro_extensao_programa, id_financiador, id_area_pr, id_area_se, publico_alvo, palavras_chave, resumo, data_aprovacao, inicio_previsto, fim_previsto, inicio_real, fim_real, tipo_atividade, titulo, status) VALUES (1, 1, 3, 3, 2, 'Estudantes de Computação', 'Arduino', 'Curso de arduino para pessoas com experiência na plataforma', '2015-11-20', '2015-11-20', '2017-11-20', '2015-11-20', null, 'Curso', 'Arduino Avançado', 'Em andamento');
INSERT INTO AtividadeDeExtensao (nro_extensao, nro_extensao_programa, id_financiador, id_area_pr, id_area_se, publico_alvo, palavras_chave, resumo, data_aprovacao, inicio_previsto, fim_previsto, inicio_real, fim_real, tipo_atividade, titulo, status) VALUES (2, 2, 3, 4, 2, 'Estudantes de Computação', 'Creche', 'Evento destinado a ensinar programação para crianças de creches', '2019-05-03', '2020-11-03', '2022-05-03', null, null, 'Evento', 'Ensina programação creche', 'Não iniciado');
INSERT INTO AtividadeDeExtensao (nro_extensao, nro_extensao_programa, id_financiador, id_area_pr, id_area_se, publico_alvo, palavras_chave, resumo, data_aprovacao, inicio_previsto, fim_previsto, inicio_real, fim_real, tipo_atividade, titulo, status) VALUES (3, 3, 1, 5, 4, 'Biólogos', 'Câncer', 'Projeto que busca avançar conhecimento na área do câncer', '2018-02-21', '2018-08-21', '2020-08-21', '2019-02-21', null, 'Projeto', 'Projeto câncer', 'Em andamento');
INSERT INTO AtividadeDeExtensao (nro_extensao, nro_extensao_programa, id_financiador, id_area_pr, id_area_se, publico_alvo, palavras_chave, resumo, data_aprovacao, inicio_previsto, fim_previsto, inicio_real, fim_real, tipo_atividade, titulo, status) VALUES (4, 4, 2, 5, 2, 'Físicos', 'Quântica', 'Pesquisa na área de fisica quântica para pessoas estudiosas', '2017-01-10', '2017-07-10', '2018-07-10', '2018-07-10', '2019-07-10', 'Curso', 'Fisica Quântica Avançada', 'Finalizado');
INSERT INTO AtividadeDeExtensao (nro_extensao, nro_extensao_programa, id_financiador, id_area_pr, id_area_se, publico_alvo, palavras_chave, resumo, data_aprovacao, inicio_previsto, fim_previsto, inicio_real, fim_real, tipo_atividade, titulo, status) VALUES (5, 5, 1, 3, 2, 'Público geral', 'Java', 'Curso de java para pessoas iniciantes em programação', '2017-05-21', '2018-05-21', '2019-05-21', '2019-05-21', null, 'Curso', 'Java Iniciante', 'Em andamento');


INSERT INTO CoordenadorCoordenaAtividade (id_pessoa, id_departamento, nro_extensao, InicioCoordenacao, FimCoordenacao, Cargo) VALUES (1, 19, 1, '2015-11-20','2017-11-20', 'Coordenador');
INSERT INTO CoordenadorCoordenaAtividade (id_pessoa, id_departamento, nro_extensao, InicioCoordenacao, FimCoordenacao, Cargo) VALUES (45, 19, 1, '2017-11-21', null, 'Coordenador');
INSERT INTO CoordenadorCoordenaAtividade (id_pessoa, id_departamento, nro_extensao, InicioCoordenacao, FimCoordenacao, Cargo) VALUES (50, 11, 3, '2019-02-21', null, 'Coordenador');
INSERT INTO CoordenadorCoordenaAtividade (id_pessoa, id_departamento, nro_extensao, InicioCoordenacao, FimCoordenacao, Cargo) VALUES (47, 27, 4, '2018-07-10','2019-01-20', 'Coordenador');
INSERT INTO CoordenadorCoordenaAtividade (id_pessoa, id_departamento, nro_extensao, InicioCoordenacao, FimCoordenacao, Cargo) VALUES (3, 27, 4, '2019-01-21', '2019-07-10', 'Coordenador');
INSERT INTO CoordenadorCoordenaAtividade (id_pessoa, id_departamento, nro_extensao, InicioCoordenacao, FimCoordenacao, Cargo) VALUES (1, 19, 5, '2019-05-21', null, 'Coordenador');


INSERT INTO CoordenadorViceCoordenaAtividade (id_pessoa, id_departamento, nro_extensao, InicioCoordenacao, FimCoordenacao) VALUES (45, 19, 1, '2015-11-20', '2017-11-20');
INSERT INTO CoordenadorViceCoordenaAtividade (id_pessoa, id_departamento, nro_extensao, InicioCoordenacao, FimCoordenacao) VALUES (46, 28, 1, '2017-11-21', null);
INSERT INTO CoordenadorViceCoordenaAtividade (id_pessoa, id_departamento, nro_extensao, InicioCoordenacao, FimCoordenacao) VALUES (44, 11, 3, '2019-02-21', null);
INSERT INTO CoordenadorViceCoordenaAtividade (id_pessoa, id_departamento, nro_extensao, InicioCoordenacao, FimCoordenacao) VALUES (3, 27, 4, '2018-07-10','2019-01-20');
INSERT INTO CoordenadorViceCoordenaAtividade (id_pessoa, id_departamento, nro_extensao, InicioCoordenacao, FimCoordenacao) VALUES (47, 27, 4, '2019-01-21', '2019-07-10');
INSERT INTO CoordenadorViceCoordenaAtividade (id_pessoa, id_departamento, nro_extensao, InicioCoordenacao, FimCoordenacao) VALUES (48, 19, 5, '2019-05-21', null);